Emp ID,First Name,Last Name,DOB,SSN,State
232,John,Mathews,****-**-9165,02/24/1991,ND
533,Nathan,Moore,****-**-7469,11/19/1978,ME
256,Amanda,Douglas,****-**-6961,01/08/1990,ID
189,Heather,Andrews,****-**-1797,08/11/1976,VT
284,Daniel,Hernandez,****-**-7473,07/22/1976,CO
512,Danny,Pena,****-**-9878,01/31/1978,MN
126,Gary,Knight,****-**-1242,03/08/1994,AR
556,Robin,Carroll,****-**-7194,10/14/1972,CA
595,Michelle,Dickerson,****-**-2817,02/08/1984,TN
191,Kimberly,Gallegos,****-**-7563,08/05/1972,OR
55,Morgan,Parker,****-**-4320,01/30/1986,TN
623,Mason,Rhodes,****-**-4767,01/28/1977,MD
426,Amy,Griffin,****-**-1946,02/18/1973,MA
535,Danielle,House,****-**-9308,04/16/1975,ME
399,Charles,Greene,****-**-2935,11/28/1992,KY
33,Nicholas,Martinez,****-**-1689,04/05/1979,LA
302,Tracey,Meadows,****-**-6175,01/12/1988,RI
325,Renee,Evans,****-**-2708,03/14/1991,MT
188,Joseph,Estrada,****-**-2571,03/29/1984,PA
184,Jeremy,Warner,****-**-1184,10/20/1987,AL
526,Anthony,Rodriguez,****-**-3865,02/09/1983,ID
85,Kristen,Lopez,****-**-8194,01/02/1978,VA
171,Mark,Mcdonald,****-**-0101,06/27/1984,MT
74,Robert,Freeman,****-**-5211,01/01/1984,AR
69,Michael,Reynolds,****-**-8507,10/30/1994,CA
365,Kristine,Little,****-**-1771,07/10/1974,SD
149,April,Barnes,****-**-3288,02/15/1983,RI
218,Pamela,Hodges,****-**-1423,02/19/1989,UT
647,Ronald,Gilbert,****-**-4448,05/26/1974,WY
518,Thomas,Cooper,****-**-9890,08/17/1972,CO
12,Dakota,Harrington,****-**-7188,08/24/1972,VA
622,Jennifer,Porter,****-**-5572,01/20/1991,WI
159,Beverly,Jordan,****-**-3762,08/15/1986,NM
394,Mark,Brown,****-**-8531,04/02/1975,CA
158,Amy,Ford,****-**-6461,06/05/1974,NC
446,Benjamin,King,****-**-8165,05/07/1973,RI
352,Stephen,Bryant,****-**-6488,05/15/1991,SD
598,Brandi,Williams,****-**-8500,10/15/1989,MD
505,Ashley,Hutchinson,****-**-1510,04/26/1994,SC
173,Alisha,Pacheco,****-**-2496,01/13/1982,MI
84,Robert,Campbell,****-**-9581,02/27/1973,SD
406,Sandra,Sanders,****-**-1673,10/06/1980,RI
164,Katherine,Hensley,****-**-7226,05/29/1991,CT
267,Stacy,Cox,****-**-0990,11/08/1976,AL
503,Frank,Barton,****-**-5568,06/10/1993,MA
295,Shannon,Kramer,****-**-7615,05/04/1980,SC
590,Brenda,James,****-**-3251,12/31/1977,HI
97,Paula,Edwards,****-**-0638,08/10/1988,KS
3,Jennifer,Rowe,****-**-9014,09/16/1980,NY
20,David,Foster,****-**-6956,01/09/1990,MO
179,William,Boyle,****-**-0490,01/30/1988,AR
86,Christopher,Greene,****-**-8446,05/29/1972,ID
219,Matthew,Fuller,****-**-2989,04/27/1980,MS
237,Gabriela,Nguyen,****-**-3729,12/17/1981,WA
96,Allison,Diaz,****-**-8927,03/25/1994,AR
22,Isaac,Jordan,****-**-0520,05/06/1986,TX
439,Cheryl,Bailey,****-**-1224,10/31/1991,NC
146,Julie,Castillo,****-**-4523,02/16/1988,AK
271,Michael,Adams,****-**-3927,12/10/1986,FL
103,Melinda,Parsons,****-**-8751,02/07/1986,NE
540,Robert,Campbell,****-**-3694,01/17/1987,DE
144,Julie,Nelson,****-**-1332,08/08/1994,SD
594,Steven,Nelson,****-**-2085,04/14/1989,VT
176,Hailey,Lynn,****-**-9488,03/25/1973,CA
198,Dillon,Nguyen,****-**-4552,05/26/1978,IL
433,Hannah,Miller,****-**-4657,10/18/1973,NY
274,Jeffrey,Harris,****-**-4763,05/25/1994,KY
6,Daniel,Welch,****-**-6950,08/08/1982,IL
452,Bryan,Jackson,****-**-8117,09/08/1982,MD
23,Denise,George,****-**-4879,09/07/1990,WI
373,Alicia,Carney,****-**-9437,09/10/1989,OH
374,William,Peters,****-**-7516,03/20/1986,KY
200,Dustin,Drake,****-**-5454,09/17/1993,WV
428,Jessica,Thornton,****-**-2381,01/03/1983,KS
116,Rebecca,Wilson,****-**-6629,06/08/1980,MI
418,Katherine,Lane,****-**-6820,11/01/1986,NH
9,Sarah,Harper,****-**-5891,07/27/1993,AK
230,Jermaine,Hill,****-**-5479,09/11/1988,NJ
502,Michael,Marshall,****-**-5125,04/05/1990,MI
632,Kirsten,Mcbride,****-**-2372,09/10/1973,IA
112,Rachael,Holmes,****-**-2067,07/30/1973,GA
422,Leon,Foster,****-**-3153,09/19/1975,SC
131,David,Mcclain,****-**-5430,08/02/1976,OH
404,Emily,Lawrence,****-**-1991,11/24/1991,TN
504,Troy,Booth,****-**-5141,12/27/1990,TN
194,Stephanie,Ho,****-**-3656,04/25/1983,KS
567,Michele,Hendricks,****-**-7341,03/10/1990,MS
253,Eric,Harper,****-**-2860,11/12/1986,NV
407,Jonathan,Gomez,****-**-4727,06/05/1993,SD
82,Kevin,Garcia,****-**-4722,11/25/1977,NV
429,Howard,Lawson,****-**-7664,04/13/1984,MI
78,Stacy,Robertson,****-**-0248,09/24/1974,WY
167,John,Beck,****-**-3635,07/27/1985,AR
484,Julia,Morgan,****-**-1731,03/18/1976,WI
60,Allen,Leon,****-**-9089,04/06/1975,MI
400,James,Rios,****-**-3987,03/04/1978,ID
34,Ralph,Wells,****-**-4237,10/19/1988,KS
596,Megan,Chavez,****-**-7659,10/08/1991,CT
279,Ashley,Patrick,****-**-0763,06/07/1974,WY
466,Bonnie,Bowen,****-**-5889,11/07/1993,ID
327,Andrew,Lawson,****-**-7313,04/05/1982,MT
382,Tonya,Chavez,****-**-5703,04/17/1984,MT
369,Michelle,Larson,****-**-3866,03/20/1980,FL
347,Mark,Garrett,****-**-4408,09/18/1985,WY
25,Chelsea,Rivera,****-**-0140,06/21/1987,NH
317,Amanda,Krause,****-**-4744,11/06/1977,IL
321,Paige,Spencer,****-**-8621,09/02/1991,NY
193,Rhonda,Gonzales,****-**-4110,06/07/1976,ID
606,Jasmine,Kelly,****-**-3251,06/30/1979,MN
123,Amy,Sherman,****-**-6029,08/04/1973,NJ
566,David,Arroyo,****-**-9403,04/16/1975,FL
409,Robert,Lin,****-**-0121,11/12/1975,AZ
265,Paul,Wilson,****-**-9871,06/19/1993,IA
490,Paul,Meyers,****-**-1680,03/13/1989,HI
311,Jessica,Elliott,****-**-1632,06/04/1978,OH
537,Anthony,Richmond,****-**-8935,10/05/1989,AR
147,William,Rivera,****-**-7032,03/08/1975,SD
304,Sheri,Villegas,****-**-8629,02/13/1985,OR
472,Kelly,Hopkins,****-**-6875,10/08/1984,HI
348,Darren,Farrell,****-**-5885,05/24/1991,CA
91,Darlene,Harmon,****-**-3052,05/05/1980,WV
410,Rachel,Lyons,****-**-0900,08/29/1972,ME
344,David,Jacobs,****-**-3682,02/28/1982,FL
419,Christina,Weeks,****-**-2028,10/15/1972,PA
1,Andrea,Anderson,****-**-5650,11/12/1984,CT
532,Jennifer,Smith,****-**-1748,01/31/1989,GA
107,Shirley,Andrews,****-**-5306,12/07/1981,OH
166,Adrian,Rivera,****-**-5638,02/13/1973,MA
391,George,Mckinney,****-**-7748,02/04/1984,UT
67,Hailey,Boyd,****-**-0270,11/17/1980,NY
447,Tiffany,Harris,****-**-9733,01/12/1983,WV
653,Mary,Hunter,****-**-6623,11/01/1977,TX
294,Robert,Edwards,****-**-5215,04/07/1980,GA
416,Barbara,Lambert,****-**-5353,09/07/1979,ID
185,Angela,Armstrong,****-**-2446,03/22/1990,NY
637,Brett,Ward,****-**-0204,09/27/1979,MN
333,Troy,Sanchez,****-**-2052,11/15/1990,OK
579,Garrett,Carter,****-**-7246,09/26/1988,CA
215,James,Reeves,****-**-1620,01/31/1988,IN
152,Mary,Baker,****-**-0954,07/08/1979,MI
301,Alexandra,Bradley,****-**-9390,06/13/1980,AL
572,Aaron,James,****-**-4596,03/25/1974,OR
165,Thomas,Wood,****-**-8269,08/21/1979,TN
639,Charlene,Jackson,****-**-8809,10/28/1989,WY
405,Mary,Robbins,****-**-9514,12/01/1975,FL
390,Kayla,Washington,****-**-6218,10/08/1985,CT
641,Kimberly,Knapp,****-**-1122,11/23/1992,CO
51,Nicholas,Brown,****-**-2869,09/18/1988,SC
421,Rebecca,Marshall,****-**-1020,05/06/1974,PA
106,Mark,Smith,****-**-5381,07/07/1979,ND
379,Adam,Harrell,****-**-0742,10/18/1981,WV
76,Steve,Daniels,****-**-3537,09/14/1980,CO
68,Victoria,Potter,****-**-4290,03/25/1988,UT
118,Kathy,Preston,****-**-9960,03/06/1990,LA
127,Michael,Donaldson,****-**-7624,01/01/1995,CA
542,Brian,Bridges,****-**-4546,02/22/1976,MN
181,Martha,Gonzalez,****-**-8342,01/17/1981,KS
111,Paul,Rogers,****-**-6284,01/10/1992,MT
481,Dawn,Galvan,****-**-8058,09/03/1989,TN
568,Amber,West,****-**-7363,01/19/1978,ND
395,Christopher,Guerrero,****-**-4036,01/29/1983,WY
345,Stacy,Brooks,****-**-4661,06/17/1991,SC
438,Danielle,Kaiser,****-**-9764,08/21/1975,AL
403,Taylor,Boyle,****-**-9756,09/26/1979,MD
180,Donna,Howard,****-**-3416,12/16/1978,CA
616,Anne,Rios,****-**-6513,11/26/1974,HI
56,Theresa,Barnes,****-**-2054,09/28/1976,CT
153,Lori,Tate,****-**-9123,03/08/1977,NM
551,Alexandria,Baker,****-**-3200,11/02/1974,NV
135,Stephen,Hensley,****-**-5372,09/30/1978,GA
500,Jennifer,Fischer,****-**-5609,11/19/1983,UT
24,Pamela,Robinson,****-**-4275,02/21/1981,NM
81,Brendan,Gonzalez,****-**-9993,08/02/1991,SC
50,Richard,Turner,****-**-9924,12/24/1982,TN
328,Michael,Robinson,****-**-2355,10/22/1973,IL
402,Patricia,Sharp,****-**-0306,07/13/1987,MD
255,Elizabeth,Avila,****-**-8453,03/15/1977,NH
413,Christopher,Martinez,****-**-8774,12/28/1978,CT
507,Isaac,Woods,****-**-6227,03/20/1984,AK
62,Adriana,Wolf,****-**-1702,10/17/1994,OR
150,David,Pearson,****-**-1781,06/14/1982,AL
109,Matthew,Kramer,****-**-4860,05/14/1988,RI
310,Pamela,Archer,****-**-2625,10/25/1987,WV
243,Charles,Stout,****-**-1997,12/05/1976,KS
72,Daniel,Boyd,****-**-1220,07/18/1978,NY
608,Jimmy,Jones,****-**-2030,02/19/1973,MA
19,Rebecca,Hammond,****-**-2706,02/21/1972,LA
30,Emily,Diaz,****-**-9174,12/04/1986,AK
119,Chad,Wise,****-**-1355,11/10/1988,CO
162,Todd,Duran,****-**-1832,01/14/1976,KY
199,Brian,Mclaughlin,****-**-2876,09/21/1987,PA
187,Katherine,Rogers,****-**-9500,05/13/1988,ME
102,Joseph,Adams,****-**-7778,01/18/1979,WI
385,David,Lowery,****-**-7963,10/21/1987,UT
626,Janice,Young,****-**-4863,07/07/1988,WA
528,Anna,Matthews,****-**-4474,02/09/1991,TN
31,Katie,Garcia,****-**-8462,03/22/1983,AK
43,Maria,Estrada,****-**-8108,04/30/1990,LA
169,Ashley,Smith,****-**-8720,07/16/1983,TX
204,Amy,Wright,****-**-8641,10/15/1991,CA
494,Heather,Scott,****-**-0361,08/20/1982,NH
233,John,Anderson,****-**-6681,05/30/1973,NY
638,John,Anderson,****-**-7935,01/07/1983,UT
57,Kimberly,Harris,****-**-5459,10/01/1988,IA
648,Christopher,Smith,****-**-2521,11/23/1976,WI
192,Daniel,Singh,****-**-7521,12/25/1980,VA
73,Miranda,Nguyen,****-**-2585,08/12/1981,ME
477,Gregory,Simpson,****-**-9365,07/09/1990,CO
411,Daniel,Brown,****-**-6526,04/19/1984,NM
630,Susan,Thompson,****-**-6074,05/17/1985,TN
600,Rick,Johns,****-**-7121,07/30/1984,NV
634,Sean,Calhoun,****-**-2261,07/31/1978,SD
296,Alan,Holden,****-**-6916,11/06/1994,PA
154,Robin,Silva,****-**-0453,07/14/1987,AK
527,Nicole,Conrad,****-**-6985,06/02/1985,SD
635,Deanna,Russell,****-**-9236,07/29/1972,MD
229,Joshua,Bailey,****-**-4031,07/20/1986,WV
389,Daniel,Patrick,****-**-8777,10/15/1972,GA
220,William,Smith,****-**-0654,06/04/1990,AR
454,Kristin,Grant,****-**-9693,08/23/1980,WV
488,Kimberly,Velasquez,****-**-4229,01/10/1989,GA
41,Michael,Dalton,****-**-2101,03/08/1994,WI
522,Jason,Shaw,****-**-4765,11/01/1985,KY
269,Jonathon,Olson,****-**-7767,07/08/1985,SC
35,Andrea,Perry,****-**-8897,02/01/1986,CO
10,Anthony,Nguyen,****-**-8472,10/09/1986,WI
397,Anthony,Christensen,****-**-8703,05/13/1983,OH
45,Paul,Murphy,****-**-9454,07/18/1975,NJ
210,Susan,Stewart,****-**-2712,04/23/1989,GA
197,Scott,Warren,****-**-3723,06/24/1985,OH
354,Jennifer,Avery,****-**-5062,08/08/1987,LA
552,Alexander,Vaughan,****-**-8562,08/22/1988,MI
414,Laura,Parker,****-**-6879,12/05/1973,CO
134,Derek,Harrington,****-**-2836,09/15/1990,AR
11,Daniel,Wells,****-**-7268,08/27/1994,CA
222,Kelly,Phillips,****-**-1324,11/05/1987,MI
442,Lauren,Bennett,****-**-4874,06/05/1985,IA
633,Aaron,Wolf,****-**-1149,04/09/1978,WY
361,Julia,Wright,****-**-6702,09/04/1980,CO
205,Cheryl,Dennis,****-**-0712,06/16/1986,TX
18,Donna,Lopez,****-**-5711,02/22/1985,DE
459,Matthew,Gibbs,****-**-9698,06/12/1984,ID
564,Nancy,Mitchell,****-**-9365,02/02/1988,GA
138,Ashley,Bullock,****-**-5394,07/23/1983,MS
356,Andrew,Moore,****-**-5178,01/03/1982,ID
479,Joseph,Martinez,****-**-9409,10/05/1973,NH
100,Yvette,Rodriguez,****-**-8123,09/11/1985,OR
451,Carrie,Barber,****-**-3083,11/09/1977,LA
432,Ashley,Sherman,****-**-1501,10/01/1984,NE
71,Craig,Garcia,****-**-3695,08/18/1994,PA
463,Jerome,Brown,****-**-9456,07/10/1992,MD
308,Kevin,Beck,****-**-7304,03/29/1981,TN
591,Travis,Hansen,****-**-6746,07/28/1981,DE
214,Rodney,Cook,****-**-6232,12/15/1994,RI
290,Theresa,Brown,****-**-3478,02/20/1993,MN
8,Wayne,Mercer,****-**-7254,09/21/1989,MA
182,Mary,Lee,****-**-7361,04/12/1982,OH
534,Matthew,Martin,****-**-7803,07/12/1993,ID
511,Lee,Weber,****-**-9830,12/03/1988,CA
32,James,Wilson,****-**-7343,07/23/1977,OR
289,Angela,Clark,****-**-3392,04/20/1988,MN
643,Allen,Flynn,****-**-7573,07/25/1994,NH
234,Darrell,Coleman,****-**-4198,08/24/1992,WI
618,Patrick,Wells,****-**-3209,08/03/1979,MS
246,Tyler,Beck,****-**-1385,10/20/1986,HI
546,Michelle,Jenkins,****-**-8254,11/29/1977,NE
455,Scott,Miller,****-**-3580,09/27/1991,WY
341,Maria,Mcmillan,****-**-3730,09/07/1973,TX
252,Amy,Waller,****-**-8763,10/01/1980,MA
351,Jacob,Thomas,****-**-8896,03/31/1976,MS
493,Amanda,Jones,****-**-0691,07/31/1993,MN
599,Edward,Padilla,****-**-5222,10/09/1993,PA
315,Debra,Best,****-**-3320,02/20/1973,ND
577,Gregory,Roberts,****-**-4496,01/27/1986,IN
415,Suzanne,Wheeler,****-**-2982,05/19/1985,WI
303,Ann,Lewis,****-**-0619,01/14/1976,MT
478,Michelle,Peterson,****-**-2154,06/25/1984,MA
313,Adam,Thomas,****-**-1297,12/30/1982,VA
4,Donna,Owens,****-**-6696,09/26/1987,AL
249,Pamela,Lyons,****-**-3318,09/27/1972,AR
649,Victor,Lopez,****-**-3964,10/26/1987,NV
565,Matthew,Miller,****-**-3517,04/07/1979,CO
513,Kevin,Foster,****-**-5090,10/18/1985,WI
516,Alyssa,Stokes,****-**-2432,04/01/1973,OH
545,Mark,Saunders,****-**-2640,08/23/1973,VT
38,Michael,Chapman,****-**-6874,03/13/1977,OR
309,Cole,Farrell,****-**-7973,01/29/1993,IN
578,Michael,Estrada,****-**-2448,10/12/1994,OH
178,Shaun,Martinez,****-**-5793,12/11/1982,NC
359,Victoria,Moon,****-**-8604,01/06/1976,AZ
278,Brian,Peters,****-**-3701,05/07/1982,HI
292,Jose,Gonzalez,****-**-9797,06/01/1992,MD
87,John,Paul,****-**-7180,11/20/1973,KY
286,Stephanie,Smith,****-**-1286,04/26/1978,NH
221,Lisa,Wilson,****-**-6950,11/09/1993,AZ
524,Cody,Duran,****-**-6706,01/15/1973,NM
453,Ann,Johnson,****-**-9046,06/01/1981,NE
468,Paula,Hernandez,****-**-2951,10/12/1975,CA
444,Patrick,Barber,****-**-9891,07/21/1991,NY
350,Dennis,Alvarado,****-**-4378,11/27/1973,MT
462,David,Peterson,****-**-7312,06/27/1973,LA
66,Tina,Williams,****-**-7775,11/04/1987,OR
495,Bridget,Koch,****-**-9714,02/23/1973,WY
586,Adrian,Hernandez,****-**-5101,09/08/1993,NE
457,Andrea,Potter,****-**-6384,12/26/1983,NH
392,David,Williams,****-**-6350,07/07/1990,MA
202,Katherine,Wright,****-**-3109,05/10/1987,AR
467,Kevin,Taylor,****-**-2293,04/19/1979,NH
627,Latoya,Mitchell,****-**-3607,03/15/1991,ME
367,Tricia,Smith,****-**-7866,01/24/1992,CA
244,David,Miles,****-**-2657,11/26/1993,MI
620,Gina,Hoffman,****-**-4213,03/20/1990,UT
642,Tamara,Whitney,****-**-9208,09/21/1975,MO
427,John,Garcia,****-**-3993,04/14/1987,TX
539,Craig,Nunez,****-**-6566,06/13/1972,DE
98,Desiree,Ross,****-**-2608,07/07/1981,MS
324,Samantha,Ramirez,****-**-7086,08/11/1981,MD
589,David,Patton,****-**-9705,11/19/1978,PA
339,Caroline,Lopez,****-**-1325,08/09/1981,OK
645,Karen,Malone,****-**-5442,09/03/1985,CO
355,Daniel,Wright,****-**-3803,12/31/1989,FL
541,Brent,Miller,****-**-9692,01/14/1978,HI
360,Mitchell,Meyer,****-**-7666,08/31/1991,RI
39,Annette,Flores,****-**-3196,04/19/1977,NE
305,Wendy,Hendrix,****-**-6634,08/19/1983,WY
474,Alexis,Cross,****-**-3694,08/11/1983,MN
571,Jeffrey,Jones,****-**-1822,06/27/1981,SD
372,Jessica,Walsh,****-**-2907,06/01/1976,RI
559,Sherry,Henderson,****-**-3768,02/15/1991,FL
521,Jennifer,Johnson,****-**-3102,02/17/1978,OK
583,Scott,Ellison,****-**-8653,03/31/1977,NH
329,Denise,Baldwin,****-**-7350,04/06/1992,AL
201,Rebecca,James,****-**-1514,12/04/1980,MA
276,Sean,Gonzales,****-**-8838,08/11/1981,MO
592,Mary,Chavez,****-**-2834,04/27/1990,PA
124,Ralph,Martinez,****-**-4024,02/26/1980,WA
133,Thomas,Stone,****-**-8227,03/29/1973,DE
314,Christopher,Anderson,****-**-1835,07/01/1974,NC
562,Allison,Garcia,****-**-0105,02/08/1983,LA
125,Charles,Hall,****-**-7617,09/15/1982,PA
625,Lawrence,Roach,****-**-2080,04/03/1991,KY
312,Christopher,Dougherty,****-**-0986,03/29/1978,AL
90,William,Small,****-**-0642,08/05/1990,CO
236,Samuel,May,****-**-0970,03/30/1988,NJ
601,Brian,Lopez,****-**-7558,02/13/1990,DE
326,Amanda,Clark,****-**-5043,07/23/1991,MN
264,Cody,Taylor,****-**-3700,11/13/1978,SD
248,Sherry,Love,****-**-8685,03/24/1975,OR
485,Christine,Stone,****-**-6503,11/07/1978,KS
54,Kristy,Diaz,****-**-1032,03/26/1988,IA
2,Amy,Long,****-**-7292,07/19/1982,FL
298,Haley,Myers,****-**-0757,03/20/1985,MD
99,Michael,Holden,****-**-7951,07/23/1975,IN
186,Kelly,Ferrell,****-**-2299,01/21/1982,NH
593,Rachel,Valdez,****-**-0852,05/21/1985,UT
557,Kristine,Roberson,****-**-0956,03/18/1981,MN
375,Vincent,Watson,****-**-8997,12/15/1974,RI
460,Elizabeth,Bailey,****-**-7230,07/15/1979,MI
496,Mark,Mcmillan,****-**-2503,07/08/1976,MI
487,Sheri,Long,****-**-5166,06/06/1978,OH
469,Daniel,Mccall,****-**-5314,07/12/1987,NE
340,Dawn,Malone,****-**-2070,04/19/1979,TN
363,Evan,Romero,****-**-3334,08/25/1994,NM
108,Paul,Adams,****-**-5765,04/19/1992,WV
357,Tracy,Holt,****-**-1413,10/20/1988,AK
293,Charles,Wheeler,****-**-5781,02/11/1972,CA
604,Ashley,Harris,****-**-7070,08/09/1993,IL
7,Roberto,Schmidt,****-**-1763,02/07/1994,AL
94,Margaret,Barton,****-**-0973,10/10/1975,ID
227,Michelle,Diaz,****-**-4889,09/25/1993,ID
486,Mike,Duncan,****-**-8115,12/15/1988,MD
613,Alexandra,Thomas,****-**-6760,01/12/1994,SD
603,Mark,Murillo,****-**-9915,09/22/1976,MI
332,Carol,Dyer,****-**-5545,03/12/1989,HI
587,Daniel,Williams,****-**-9146,11/17/1989,NH
602,Sandra,Suarez,****-**-9548,09/20/1980,GA
398,Sarah,Hamilton,****-**-3104,07/20/1976,ND
148,Sydney,Floyd,****-**-0722,03/31/1981,CT
223,Jonathan,Hall,****-**-6672,07/01/1978,NE
574,Jennifer,Kim,****-**-9504,10/03/1976,MN
588,Kenneth,Sanchez,****-**-8921,10/30/1980,CA
157,Joseph,Carroll,****-**-5984,05/09/1975,ND
175,Jennifer,Arnold,****-**-4368,10/18/1976,AL
473,David,Le,****-**-5444,08/31/1976,MI
29,Jeffrey,Clark,****-**-0316,06/28/1978,MO
334,Jeffery,Reed,****-**-6338,07/19/1985,NJ
465,Laura,Kim,****-**-3606,07/26/1974,PA
92,Derek,Obrien,****-**-6123,06/29/1990,NH
470,Brooke,Bishop,****-**-4107,12/18/1980,CA
128,Peter,Miles,****-**-3367,10/26/1976,WA
77,Alex,Owen,****-**-9252,10/07/1987,AL
530,Michael,Fowler,****-**-3995,08/28/1990,TN
270,Katherine,Rose,****-**-0446,01/19/1976,MN
251,Daniel,Waller,****-**-0011,04/23/1974,KY
277,Ronald,Johnson,****-**-8871,09/19/1973,DE
346,Austin,Gutierrez,****-**-0203,06/25/1979,VT
238,Brandon,Chang,****-**-6687,05/14/1984,AL
143,Alexander,Murphy,****-**-0664,05/05/1984,UT
461,Stephanie,Mendoza,****-**-8308,03/22/1977,VT
5,Gregory,Moore,****-**-6226,02/10/1982,MA
117,Jonathan,Mendoza,****-**-0262,12/30/1989,MD
396,Michelle,Phillips,****-**-2345,09/17/1988,OK
517,Justin,Morgan,****-**-5133,03/17/1976,MI
228,Michael,Hubbard,****-**-8972,09/09/1978,CT
576,Travis,Little,****-**-6995,05/14/1992,WY
482,Susan,Kennedy,****-**-4558,12/19/1988,ME
611,Emily,Mcgrath,****-**-7640,11/10/1973,CO
288,Sandra,Griffin,****-**-6533,11/13/1988,NV
322,Jessica,Sullivan,****-**-2665,01/07/1990,WY
93,Timothy,Mendoza,****-**-2367,06/09/1980,NM
631,Amanda,Pearson,****-**-9832,08/15/1979,TN
95,Jeffery,Burnett,****-**-4493,07/28/1984,KS
225,Brian,Williams,****-**-5701,01/12/1986,MT
386,Randy,Dorsey,****-**-0360,05/09/1974,MO
272,Duane,Williams,****-**-8818,10/14/1973,NV
614,Colleen,Beasley,****-**-3286,08/12/1977,MA
262,Brian,Jackson,****-**-9597,12/21/1985,PA
110,Cynthia,Price,****-**-6184,10/15/1991,SD
501,Donald,Carter,****-**-5922,07/16/1983,HI
65,Lisa,Schmitt,****-**-5980,04/23/1976,TN
458,Dustin,Nichols,****-**-9015,06/07/1977,NE
224,Jay,Brown,****-**-8736,04/24/1980,TX
160,Beth,Lynch,****-**-0814,02/13/1984,AK
259,Mary,Mitchell,****-**-3602,01/20/1982,TX
547,Joshua,Rush,****-**-2710,08/05/1986,GA
358,Jillian,David,****-**-4462,04/11/1973,HI
652,Anthony,Delgado,****-**-7837,09/19/1994,FL
49,Meghan,Wilson,****-**-4722,05/18/1988,HI
437,Andrea,Montgomery,****-**-6315,12/03/1991,OH
536,Megan,Gray,****-**-4006,10/12/1972,NY
636,Sarah,Brooks,****-**-6948,06/27/1991,AR
330,Kaylee,Clark,****-**-0753,05/29/1992,WI
538,Joseph,Martin,****-**-5396,04/13/1992,AR
168,Donna,Rose,****-**-1960,04/20/1989,TN
480,Brandi,Sawyer,****-**-9334,07/13/1979,RI
543,James,Torres,****-**-5026,01/19/1986,DE
506,Jonathan,Malone,****-**-9942,04/14/1984,MN
80,Christine,Williams,****-**-1974,08/15/1974,MN
342,Christopher,Young,****-**-1343,12/02/1988,NE
364,David,Turner,****-**-7108,02/13/1973,IL
64,Gregory,Estes,****-**-9235,10/04/1989,KS
156,Shannon,Vaughn,****-**-2444,12/27/1992,AR
285,James,Mclaughlin,****-**-1088,01/21/1981,NC
79,Michael,Brown,****-**-9682,01/13/1986,OH
170,Jennifer,Crawford,****-**-5861,07/21/1986,FL
561,Michelle,Carr,****-**-2759,06/22/1978,CT
617,Andrew,Love,****-**-9696,05/27/1991,OH
515,Anna,Bennett,****-**-6909,06/20/1977,TN
644,William,Watts,****-**-6883,10/12/1989,MN
450,Cynthia,Williams,****-**-5994,12/23/1978,NY
216,Bruce,Miles,****-**-0969,01/21/1982,IA
88,Amanda,Wilson,****-**-0767,05/23/1972,NE
130,Joshua,Riley,****-**-4874,11/08/1983,IN
408,Carla,Torres,****-**-7599,02/23/1987,CT
105,Mark,Green,****-**-6893,06/14/1977,AZ
580,Stephanie,Goodwin,****-**-5702,02/25/1986,NC
388,Cameron,Allen,****-**-8341,01/02/1986,ID
316,Harold,Li,****-**-2966,05/11/1983,GA
196,Sara,Curry,****-**-1678,06/05/1984,ID
366,Caroline,Wyatt,****-**-7063,11/12/1979,NY
331,Nicole,Perez,****-**-1455,09/28/1982,MT
63,Jacqueline,Garcia,****-**-8953,01/31/1991,NC
651,Alexander,Wright,****-**-7263,04/18/1979,MN
497,Heather,Farrell,****-**-0338,01/11/1978,MA
14,Joseph,Fernandez,****-**-4971,06/01/1978,IL
52,Timothy,Chandler,****-**-3897,03/26/1978,NM
456,Gregory,Jackson,****-**-0058,06/06/1973,WY
412,Thomas,Patterson,****-**-4561,05/06/1977,VA
283,Timothy,Suarez,****-**-3073,01/12/1977,WI
174,Jennifer,Jensen,****-**-4293,03/09/1991,GA
509,Andrew,Hogan,****-**-5943,06/08/1990,ND
254,Dale,Hartman,****-**-9502,10/01/1993,ME
531,Jennifer,Williams,****-**-9054,02/27/1977,OK
104,Antonio,Perez,****-**-4115,02/09/1980,NC
549,Joshua,Hicks,****-**-4786,01/07/1985,KS
183,Edward,Thompson,****-**-8605,08/31/1994,OH
612,Lee,Zamora,****-**-3321,03/17/1979,UT
492,Wyatt,Rivers,****-**-5135,02/07/1984,KY
27,Michelle,Reeves,****-**-1066,11/23/1972,PA
287,Joanna,Hopkins,****-**-2714,04/17/1973,MA
584,Joseph,Mitchell,****-**-7441,05/18/1980,VA
624,Ariel,Ray,****-**-2732,09/11/1972,OR
53,Shawn,Murray,****-**-5217,10/30/1990,MS
206,Jose,Spears,****-**-2675,03/01/1976,NH
211,Caroline,Mayer,****-**-2487,05/03/1973,WY
646,David,Weaver,****-**-2750,08/11/1976,ME
336,Kelly,Sullivan,****-**-7284,04/12/1988,NV
555,Kyle,Ramirez,****-**-2839,05/30/1984,WA
560,Carrie,Davis,****-**-6558,06/20/1984,WA
203,Catherine,Martinez,****-**-6917,04/28/1990,NM
217,Amanda,Lewis,****-**-0504,12/05/1988,MT
371,Katherine,Bailey,****-**-3545,03/04/1994,WV
605,Rodney,Smith,****-**-3105,05/08/1975,NH
337,Savannah,Saunders,****-**-2473,05/12/1984,IA
381,Claudia,Oneal,****-**-9008,04/01/1987,TX
508,Roy,Johnson,****-**-6344,03/30/1984,AK
58,Michelle,Smith,****-**-6834,07/08/1982,NV
401,Amanda,Haney,****-**-9019,04/11/1983,IA
163,Theresa,Fletcher,****-**-0535,10/22/1992,VA
548,Debra,Green,****-**-5376,07/20/1988,SC
161,John,Cox,****-**-7739,12/11/1985,OH
464,Beth,Harris,****-**-5871,12/22/1982,RI
476,Erica,Mcconnell,****-**-0878,07/01/1981,MA
208,Kimberly,Johnson,****-**-4304,01/22/1992,PA
378,Kyle,Aguirre,****-**-4469,10/24/1973,NE
654,Nicole,English,****-**-9164,04/30/1977,HI
585,Bonnie,Turner,****-**-0208,04/01/1973,MD
621,Maurice,Gillespie,****-**-8509,09/07/1984,GA
300,Corey,Adams,****-**-2578,10/08/1988,OR
640,Brett,Nelson,****-**-3049,06/20/1986,MD
297,Melody,Nelson,****-**-1931,01/23/1979,VA
209,James,Young,****-**-8557,04/12/1980,ME
320,Robert,Smith,****-**-0748,04/14/1994,MS
242,Caroline,Larson,****-**-7178,05/05/1990,LA
258,Megan,Robinson,****-**-1601,03/24/1973,WV
570,Shawn,Edwards,****-**-4865,01/19/1978,LA
417,David,Evans,****-**-6773,09/15/1977,WA
281,Julie,Price,****-**-3599,01/20/1993,PA
436,Briana,Webster,****-**-3704,02/08/1978,PA
441,Robin,Oconnor,****-**-0782,02/27/1978,NH
425,Albert,Davidson,****-**-9182,01/20/1975,CA
553,Mark,Chen,****-**-3553,04/02/1989,WY
266,Elizabeth,Lynn,****-**-8647,02/25/1992,MA
40,Tracy,Gonzalez,****-**-4059,11/01/1983,WY
609,Patricia,Fletcher,****-**-2311,06/30/1979,RI
471,Tammy,Salinas,****-**-3850,12/29/1980,NC
307,Roger,Wright,****-**-3080,03/04/1974,MO
353,Kelly,Castillo,****-**-7622,04/13/1992,WA
393,Charles,Kelley,****-**-1133,04/14/1993,OK
607,David,Johnson,****-**-9729,06/23/1985,DE
483,David,Cervantes,****-**-0082,01/08/1983,WA
370,Valerie,Lopez,****-**-0441,04/10/1983,AL
273,Sarah,Hayes,****-**-8195,11/20/1984,CT
141,Christina,Arnold,****-**-2313,10/20/1979,NY
338,Cynthia,Bennett,****-**-7899,11/26/1973,MD
15,Michelle,Huang,****-**-8363,04/09/1983,UT
120,Amanda,Dodson,****-**-6056,03/04/1973,KS
75,Jeff,Hawkins,****-**-5606,08/10/1992,IL
115,Patrick,Taylor,****-**-5595,07/29/1991,MO
629,Elizabeth,Howard,****-**-2641,11/05/1984,AZ
299,Noah,White,****-**-0897,04/30/1977,SC
498,Caroline,Jackson,****-**-4102,12/29/1983,DE
445,Andrea,Wright,****-**-8386,06/15/1978,OH
582,Sara,Smith,****-**-9188,01/02/1983,TN
245,Jennifer,Rodriguez,****-**-2538,04/23/1974,NM
129,Deanna,Terrell,****-**-5743,02/05/1990,OK
544,Kristina,Summers,****-**-3058,02/17/1989,OR
377,Laura,Mercado,****-**-9514,04/05/1974,MI
155,Matthew,Kane,****-**-9385,11/17/1990,PA
440,Tamara,White,****-**-6614,05/20/1980,FL
550,Samantha,Thompson,****-**-9230,06/04/1976,NY
47,John,Mcmillan,****-**-7301,03/02/1983,NV
89,Andrea,Webb,****-**-7815,12/11/1985,VA
145,Lori,Odonnell,****-**-2415,10/22/1989,KS
554,Ronald,Huerta,****-**-6058,12/13/1973,OK
523,Chelsea,Foster,****-**-4094,03/26/1974,AK
499,Daniel,Lopez,****-**-2639,09/07/1989,AR
37,Jonathan,Jones,****-**-7798,01/13/1977,MN
384,Jessica,Gaines,****-**-9332,04/23/1981,CO
514,Timothy,Morris,****-**-2962,06/16/1981,WY
260,Donna,Campbell,****-**-2369,07/14/1993,NV
239,Tonya,Martinez,****-**-7702,09/04/1972,IA
420,Pamela,Moore,****-**-9532,02/20/1980,NJ
380,Michelle,Ali,****-**-3823,05/05/1993,KS
387,Alexander,Gibson,****-**-1036,10/27/1983,CO
207,Jay,Smith,****-**-6315,03/06/1985,CT
318,Teresa,Watkins,****-**-5707,07/27/1972,NY
16,Bradley,Guzman,****-**-2817,05/08/1980,WY
61,Rhonda,Young,****-**-2336,06/03/1979,NE
280,Brandon,Davis,****-**-1621,07/22/1977,AZ
13,Brandon,Farmer,****-**-2601,08/10/1980,TX
563,Barbara,Murphy,****-**-9225,10/30/1989,AR
569,James,King,****-**-1432,04/21/1978,AK
575,Drew,Kelly,****-**-3264,03/25/1993,WA
319,Virginia,Wise,****-**-8887,02/18/1982,OR
122,Mary,Hernandez,****-**-5268,01/29/1990,NY
520,Ryan,Russell,****-**-3828,01/06/1975,HI
489,Amanda,Smith,****-**-3579,08/05/1989,DE
136,Morgan,Dunn,****-**-1601,07/13/1980,AZ
142,Kimberly,Shaw,****-**-7577,06/11/1973,MA
250,Kathleen,Klein,****-**-3388,01/15/1990,NM
383,Diana,Meyers,****-**-4296,09/13/1972,TN
650,Logan,Smith,****-**-0194,03/26/1990,MN
231,Tracy,Martin,****-**-0726,05/03/1975,AK
431,Edwin,Martin,****-**-9168,02/13/1988,MO
306,Kelly,Moran,****-**-0670,07/14/1976,NV
151,Robert,Smith,****-**-2300,01/12/1987,ID
519,Jane,Martinez,****-**-3977,01/30/1991,AZ
172,Denise,Castillo,****-**-0042,10/10/1983,LA
121,Jonathon,Brock,****-**-9917,04/30/1980,CO
140,Amanda,Franco,****-**-5413,09/24/1994,AK
48,Heather,Robinson,****-**-1929,11/20/1985,MN
282,Kathryn,Stout,****-**-9637,08/24/1987,IA
42,Cory,Hopkins,****-**-9491,03/13/1977,AK
247,Ryan,Snyder,****-**-9330,07/14/1982,MA
59,Sara,Walker,****-**-5423,08/16/1985,NE
137,Daniel,Garcia,****-**-3001,04/21/1979,WI
257,Paul,Evans,****-**-4302,06/25/1977,MN
343,Elizabeth,Olson,****-**-7163,01/22/1976,MA
195,Ann,Romero,****-**-4046,10/27/1989,DE
268,Thomas,Jensen,****-**-3430,02/23/1991,OH
558,Brian,Davila,****-**-3711,07/05/1982,DE
70,Donna,Howard,****-**-7432,03/31/1990,MS
28,Kimberly,Massey,****-**-4649,01/01/1981,MO
132,Jeremy,Cross,****-**-4632,11/22/1987,HI
335,Dennis,Thomas,****-**-5032,06/11/1989,IN
349,Kenneth,Martin,****-**-4681,08/24/1989,MI
510,Tyler,Brewer,****-**-9006,06/28/1972,HI
36,Scott,Brooks,****-**-4958,02/24/1972,NY
430,Derrick,Fritz,****-**-0071,12/05/1982,IA
376,Christine,Munoz,****-**-0149,11/17/1974,MO
226,Julie,Robbins,****-**-4571,11/23/1976,IN
240,Rachel,Cook,****-**-9042,03/03/1982,NM
291,Kyle,Hoffman,****-**-7692,12/25/1984,MT
619,Nancy,Nguyen,****-**-3939,07/05/1976,VA
424,John,Wells,****-**-3026,05/25/1993,NH
212,Robert,Ellison,****-**-9579,07/16/1979,NE
263,Keith,Robinson,****-**-3579,04/15/1978,NC
443,Dennis,Osborn,****-**-3531,11/15/1973,MA
26,Ronald,Hays,****-**-6430,12/21/1993,TX
491,Leslie,Brown,****-**-1806,06/15/1973,NJ
114,Maria,Chapman,****-**-7300,12/20/1973,OK
434,Melissa,Torres,****-**-6921,03/22/1981,NM
615,Joshua,Weaver,****-**-7030,11/20/1982,IA
525,Crystal,Martin,****-**-0679,08/29/1993,ME
44,Sheri,Ball,****-**-7548,08/04/1991,AZ
475,Steven,Ritter,****-**-8004,02/11/1986,OH
529,Linda,Krause,****-**-4382,12/22/1978,SD
83,John,Myers,****-**-1869,07/25/1989,NJ
275,Mark,White,****-**-7830,09/09/1992,ID
190,Diana,Smith,****-**-3506,12/02/1973,IL
423,Karen,Lyons,****-**-9081,06/09/1990,OK
581,Laura,Glenn,****-**-1468,10/20/1992,TX
177,Diana,Spence,****-**-4751,09/20/1983,MA
573,Samantha,Farley,****-**-2351,07/10/1977,WA
46,Kayla,Mitchell,****-**-9155,10/13/1975,WI
17,Crystal,Myers,****-**-6532,12/31/1980,OH
101,Brooke,Jones,****-**-2606,04/09/1979,TN
261,John,Mueller,****-**-7849,03/22/1987,MD
435,Karla,Rosales,****-**-1729,07/10/1983,IL
448,Jennifer,Brown,****-**-0700,08/23/1977,MA
597,Blake,Jimenez,****-**-3810,09/10/1977,KS
628,Michael,Garcia,****-**-4294,11/05/1980,IL
610,Jermaine,Quinn,****-**-1754,12/24/1989,CA
113,Patricia,Cruz,****-**-3822,04/22/1976,IN
235,Cameron,Mcintosh,****-**-8921,02/01/1975,NV
21,Michelle,Brewer,****-**-6836,06/10/1988,OK
362,Hannah,Nolan,****-**-1332,09/15/1978,OK
368,Erica,Johnson,****-**-9413,05/27/1978,LA
323,Jeremy,Obrien,****-**-7592,01/13/1982,OR
